﻿<status>
  <created_at>Sun Oct 24 13:30:04 +0000 2010</created_at>
  <id>28594986565</id>
  <text>Day #24: Embedding Fonts in Windows Phone 7 http://bit.ly/wp7day24 #wp7 #wp7dev #31daysofwp7</text>
  <source>
    <a href="http://www.tweetdeck.com" rel="nofollow">TweetDeck</a>
  </source>
  <truncated>false</truncated>
  <favorited>false</favorited>
  <in_reply_to_status_id />
  <in_reply_to_user_id />
  <in_reply_to_screen_name />
  <retweet_count />
  <retweeted>false</retweeted>
  <user>
    <id>5688882</id>
    <name>Jeff Blankenburg</name>
    <screen_name>jeffblankenburg</screen_name>
    <location>Columbus, OH</location>
    <description>I'm a passionate technologist, husband, and father in Columbus, OH. I work for a small software company located in Redmond, WA. #wp7 http://blankensoft.com</description>
    <profile_image_url>http://a3.twimg.com/profile_images/396764567/jeffblankenburgheadshot_normal.jpg</profile_image_url>
    <url>http://www.jeffblankenburg.com</url>
    <protected>false</protected>
    <followers_count>1962</followers_count>
    <profile_background_color>131516</profile_background_color>
    <profile_text_color>333333</profile_text_color>
    <profile_link_color>994700</profile_link_color>
    <profile_sidebar_fill_color>cccccc</profile_sidebar_fill_color>
    <profile_sidebar_border_color>999999</profile_sidebar_border_color>
    <friends_count>652</friends_count>
    <created_at>Tue May 01 15:54:53 +0000 2007</created_at>
    <favourites_count>201</favourites_count>
    <utc_offset>-18000</utc_offset>
    <time_zone>Eastern Time (US & Canada)</time_zone>
    <profile_background_image_url>http://s.twimg.com/a/1287010001/images/themes/theme14/bg.gif</profile_background_image_url>
    <profile_background_tile>true</profile_background_tile>
    <profile_use_background_image>true</profile_use_background_image>
    <notifications>false</notifications>
    <geo_enabled>true</geo_enabled>
    <verified>false</verified>
    <following>true</following>
    <statuses_count>5664</statuses_count>
    <lang>en</lang>
    <contributors_enabled>false</contributors_enabled>
    <follow_request_sent>false</follow_request_sent>
    <listed_count>151</listed_count>
    <show_all_inline_media>false</show_all_inline_media>
  </user>
  <geo />
  <coordinates />
  <place />
  <contributors />
</status>
